{"text": "\u4eca\u5929\u5929\u6c23\u600e\u9ebc\u6a23", "segments": [{"id": 0, "seek": 0, "start": 0.0, "end": 2.0, "text": "\u4eca\u5929\u5929\u6c23\u600e\u9ebc\u6a23", "tokens": [50364, 12074, 6135, 24090, 34253, 50464], "temperature": 0.0, "avg_logprob": -0.5771750722612653, "compression_ratio": 0.7241379310344828, "no_speech_prob": 0.03582185134291649}], "language": "zh"}