{"text": "\u4f60\u662f\u8c01,\u4f60\u7528\u8bed\u97f3\u56de\u7b54\u6211", "segments": [{"id": 0, "seek": 0, "start": 0.0, "end": 3.0, "text": "\u4f60\u662f\u8c01,\u4f60\u7528\u8bed\u97f3\u56de\u7b54\u6211", "tokens": [50364, 32526, 33556, 11, 2166, 9254, 5233, 255, 18034, 8350, 28223, 1654, 50514], "temperature": 0.0, "avg_logprob": -0.4250359535217285, "compression_ratio": 0.7380952380952381, "no_speech_prob": 0.05451644957065582}], "language": "zh"}