{"text": "\u901f\u5ea6\u9084\u662f\u592a\u6162\u4e86\u4f60\u56de\u7b54\u61c9\u8a72\u6211\u8981\u8de8\u4e00\u4e9b\u5148\u8f49\u79fb\u901f\u5ea6\u6162\u4e86\u56e0\u70baVisper\u8f49\u5b8c\u81ea\u9019\u500b\u901f\u5ea6\u6709\u9ede\u6162", "segments": [{"id": 0, "seek": 0, "start": 0.0, "end": 2.0, "text": "\u901f\u5ea6\u9084\u662f\u592a\u6162\u4e86", "tokens": [50364, 31217, 13127, 25583, 9455, 20645, 2289, 50464], "temperature": 0.0, "avg_logprob": -0.46956798642180686, "compression_ratio": 0.9827586206896551, "no_speech_prob": 0.046969860792160034}, {"id": 1, "seek": 0, "start": 2.0, "end": 4.5, "text": "\u4f60\u56de\u7b54\u61c9\u8a72\u6211\u8981\u8de8\u4e00\u4e9b", "tokens": [50464, 2166, 8350, 28223, 26087, 32186, 6563, 101, 38515, 50589], "temperature": 0.0, "avg_logprob": -0.46956798642180686, "compression_ratio": 0.9827586206896551, "no_speech_prob": 0.046969860792160034}, {"id": 2, "seek": 0, "start": 4.5, "end": 6.0, "text": "\u5148\u8f49\u79fb\u901f\u5ea6\u6162\u4e86", "tokens": [50589, 10108, 32739, 8204, 119, 31217, 13127, 20645, 2289, 50664], "temperature": 0.0, "avg_logprob": -0.46956798642180686, "compression_ratio": 0.9827586206896551, "no_speech_prob": 0.046969860792160034}, {"id": 3, "seek": 0, "start": 6.0, "end": 9.0, "text": "\u56e0\u70baVisper\u8f49\u5b8c\u81ea\u9019\u500b\u901f\u5ea6\u6709\u9ede\u6162", "tokens": [50664, 11471, 53, 271, 610, 32739, 14128, 9722, 6287, 31217, 13127, 42440, 20645, 50814], "temperature": 0.0, "avg_logprob": -0.46956798642180686, "compression_ratio": 0.9827586206896551, "no_speech_prob": 0.046969860792160034}], "language": "zh"}