{"text": "\u4f60\u7ee7\u7eed\u7528\u8bed\u97f3\u56de\u590d\u6211", "segments": [{"id": 0, "seek": 0, "start": 0.0, "end": 3.0, "text": "\u4f60\u7ee7\u7eed\u7528\u8bed\u97f3\u56de\u590d\u6211", "tokens": [50364, 2166, 10115, 100, 10115, 255, 9254, 5233, 255, 18034, 8350, 1787, 235, 1654, 50514], "temperature": 0.0, "avg_logprob": -0.3035370409488678, "compression_ratio": 0.7105263157894737, "no_speech_prob": 0.09611410647630692}], "language": "zh"}