{"text": "\u4f60\u73fe\u5728\u8b58\u5225\u901f\u5ea6\u6709\u8b8a\u5feb\u55ce?", "segments": [{"id": 0, "seek": 0, "start": 0.0, "end": 3.0, "text": "\u4f60\u73fe\u5728\u8b58\u5225\u901f\u5ea6\u6709\u8b8a\u5feb\u55ce?", "tokens": [50364, 2166, 12648, 43143, 16158, 31217, 13127, 2412, 26327, 10251, 7434, 30, 50514], "temperature": 0.0, "avg_logprob": -0.34481072425842285, "compression_ratio": 0.7555555555555555, "no_speech_prob": 0.08229006826877594}], "language": "zh"}