{"text": "\u8072\u97f3\u9700\u8981\u66f4\u751c\u7f8e\u4e00\u4e9b,\u800c\u4e14\u8981\u6e96\u78ba\u56de\u7b54\u6211\u7684\u554f\u984c,\u4f60\u662f\u8ab0?", "segments": [{"id": 0, "seek": 0, "start": 0.0, "end": 6.0, "text": "\u8072\u97f3\u9700\u8981\u66f4\u751c\u7f8e\u4e00\u4e9b,\u800c\u4e14\u8981\u6e96\u78ba\u56de\u7b54\u6211\u7684\u554f\u984c,\u4f60\u662f\u8ab0?", "tokens": [50364, 29454, 18034, 35748, 19002, 40536, 9175, 38515, 11, 22942, 4275, 28220, 24293, 8350, 28223, 14200, 17197, 11, 32526, 20757, 30, 50664], "temperature": 0.0, "avg_logprob": -0.3087448037188986, "compression_ratio": 0.8674698795180723, "no_speech_prob": 0.17696334421634674}], "language": "zh"}