{"text": "\u7f3a\u70b9\u4f3c\u4e4e\u90fd\u662f\u901a\u8fc7\u65f6\u95f4\u53ef\u4ee5\u89e3\u51b3\u7684\u95ee\u9898", "segments": [{"id": 0, "seek": 0, "start": 0.0, "end": 5.0, "text": "\u7f3a\u70b9\u4f3c\u4e4e\u90fd\u662f\u901a\u8fc7\u65f6\u95f4\u53ef\u4ee5\u89e3\u51b3\u7684\u95ee\u9898", "tokens": [50364, 38109, 118, 12579, 7384, 120, 2930, 236, 22796, 19550, 16866, 44848, 6723, 17278, 5676, 111, 1546, 34069, 50614], "temperature": 0.0, "avg_logprob": -0.3397743940353394, "compression_ratio": 0.8225806451612904, "no_speech_prob": 0.07774552702903748}], "language": "zh"}