{"text": "\u4f60\u662f\u8ab0?", "segments": [{"id": 0, "seek": 0, "start": 0.0, "end": 2.0, "text": "\u4f60\u662f\u8ab0?", "tokens": [50364, 32526, 20757, 30, 50464], "temperature": 0.0, "avg_logprob": -0.4757914940516154, "compression_ratio": 0.5263157894736842, "no_speech_prob": 0.10947020351886749}], "language": "zh"}